[
    {
      "question": "What is the capital of France?",
      "options": [
        {"text": "New York", "isCorrect": false},
        {"text": "London", "isCorrect": false},
        {"text": "Paris", "isCorrect": true},
        {"text": "Dublin", "isCorrect": false}
      ]
    },
    {
      "question": "Who painted the Mona Lisa?",
      "options": [
        {"text": "Vincent Van Gogh", "isCorrect": false},
        {"text": "Pablo Picasso", "isCorrect": false},
        {"text": "Leonardo Da Vinci", "isCorrect": true},
        {"text": "Claude Monet", "isCorrect": false}
      ]
    },
    {
      "question": "What is the largest planet in our solar system?",
      "options": [
        {"text": "Mars", "isCorrect": false},
        {"text": "Earth", "isCorrect": false},
        {"text": "Jupiter", "isCorrect": true},
        {"text": "Saturn", "isCorrect": false}
      ]
    },
    {
      "question": "Which gas do plants absorb from the atmosphere during photosynthesis?",
      "options": [
        {"text": "Oxygen", "isCorrect": false},
        {"text": "Carbon Dioxide", "isCorrect": true},
        {"text": "Nitrogen", "isCorrect": false},
        {"text": "Methane", "isCorrect": false}
      ]
    },
    {
      "question": "What is the chemical symbol for gold?",
      "options": [
        {"text": "Go", "isCorrect": false},
        {"text": "Gd", "isCorrect": false},
        {"text": "Au", "isCorrect": true},
        {"text": "Ag", "isCorrect": false}
      ]
    },
    {
      "question": "Who is known as the father of modern physics?",
      "options": [
        {"text": "Isaac Newton", "isCorrect": false},
        {"text": "Galileo Galilei", "isCorrect": false},
        {"text": "Albert Einstein", "isCorrect": true},
        {"text": "Nikola Tesla", "isCorrect": false}
      ]
    }
    
]
  